fcgkj f'k{kk ifj;kstuk] ck¡dk,,,,
fnukad 31-08-2026 rd Inspire Award ds rgr Nk=@Nk=kvksa dk Nominaton ugha djus okys fo|ky;ksa dh lwph,,,,
S.No,AppCode,Udisecode,SchoolName,Block
1,APP510161081947,10231706810,A.B Ascent Public School,Amarpur
2,APP510161289938,10231704110,Aastha Awasiya vidyalaya pavaidih,Amarpur
3,APP51016176089,10231706808,Adarsh Balika High School Amarpur,Amarpur
4,APP51016431326,10231707001,Adarsh M.S. Makduma,Amarpur
5,APP51016915828,10231706801,Adarsh Middle School Amarpur Boys,Amarpur
6,APP510161079590,10231709604,B.D Acadeny,Amarpur
7,APP51016430727,10231715202,Bimla Devi U.M.S. Birma Purvi,Amarpur
8,APP51016591299,10231700910,Buniyadi School Puranchak Salempur,Amarpur
9,APP51016591526,10231706101,Girl M.S. Amarpur,Amarpur
10,APP510161095643,10231700104,GIRL R.M.S. DUMRAMA,Amarpur
11,APP510161368176,10231718102,HEBRON MISSION SCHOOL AMARPUR,Amarpur
12,APP51016200722,10231707104,High School Athmaha,Amarpur
13,APP51016174346,10231707206,High School Bharko,Amarpur
14,APP51016171486,10231712703,High School Laugain,Amarpur
15,APP51016178461,10231706504,High School Mahadeopur,Amarpur
16,APP51016745660,10231704105,"HIGH SCHOOL, MADIYANATH",Amarpur
17,APP51016915113,10231720302,M. S. Kathel,Amarpur
18,APP51016184680,10231700107,M.D.N HIGH SCHOOL DUMRAMA,Amarpur
19,APP51016430141,10231720701,M.S. Ballikitta,Amarpur
20,APP51016430793,10231716402,M.S. Chapri,Amarpur
21,APP510161012228,10231712705,M.S. Longain,Amarpur
22,APP51016429294,10231706501,M.S. Mahadeopur,Amarpur
23,APP51016429314,10231706304,M.S. Surihari,Amarpur
24,APP51016906716,10231710603,M.S.Athmaha,Amarpur
25,APP510161338880,10231709902,MOUNT S A SCHOOL OF EXCELLENCE,Amarpur
26,APP51016180453,10231707603,"PM SHRI CMS HIGHER SECONDARY SCHOOL SHAHPUR , AMARPUR, BANKA",Amarpur
27,APP510161365131,10231704202,Prabhat Shishu Vidya Niketan,Amarpur
28,APP51016430755,10231702902,R.M.S. Marhiyanath,Amarpur
29,APP51016430134,10231707607,R.M.S. Shahpur,Amarpur
30,APP51016916369,10231709602,R.M.S. Vishwambharchak Amarpur,Amarpur
31,APP51016429491,10231706701,RAJKIYAKRIT MIDDLE SCHOOL KUSHMAHA,Amarpur
32,APP510161078869,10231711002,"S. K. P. Vidya Vihar, Rajpur",Amarpur
33,APP510161379476,10231707608,S.N.RESIDENTIAL SCHOOL SHAHPUR,Amarpur
34,APP51016184606,10231703402,"Sanjay Gandhi Balika Hs Biswaspur, Amarpur",Amarpur
35,APP510161301099,10231706811,TAGORE WORLD GLOBAL SCHOOL AMARPUR BANKA,Amarpur
36,APP510161311158,10231700307,U M S Gharibpur Urdu,Amarpur
37,APP51016993192,10231700401,U M S SULTANPUR URDU,Amarpur
38,APP510161341244,10231711102,U. H. S. Bishanpur,Amarpur
39,APP51016429275,10231704802,U. M.S. Dumariya,Amarpur
40,APP51016987689,10231700305,U.H.S Garibpur,Amarpur
41,APP51016723488,10231707301,U.H.S Kolbugurg,Amarpur
42,APP51016591636,10231702302,U.H.S Mainma,Amarpur
43,APP510161340357,10231717202,U.M.S Bhadariya,Amarpur
44,APP51016909695,10231700704,U.M.S Douna Urdu,Amarpur
45,APP510161033018,10231705501,U.M.S Gangapur,Amarpur
46,APP51016430126,10231707806,U.M.S Katoriya(Urdu),Amarpur
47,APP51016585024,10231717501,U.M.S Lausa,Amarpur
48,APP51016431777,10231709001,U.M.S. Baliya,Amarpur
49,APP51016591476,10231704201,U.M.S. Banhara,Amarpur
50,APP51016429335,10231706303,U.M.S. BHATTICHAK,Amarpur
51,APP51016430838,10231716401,U.M.S. Bhikhanpur (South),Amarpur
52,APP51016591545,10231703701,U.M.S. Bidanchak,Amarpur
53,APP51016431960,10231711405,U.M.S. Bishanpur,Amarpur
54,APP51016430949,10231703401,U.M.S. BISWASPUR,Amarpur
55,APP51016430970,10231712602,U.M.S. DHIMRA URDU,Amarpur
56,APP51016909884,10231707504,U.M.S. Fatehpur,Amarpur
57,APP51016591572,10231705201,U.M.S. Gopalpur,Amarpur
58,APP51016911576,10231710206,U.M.S. Gorgama,Amarpur
59,APP51016431353,10231711101,U.M.S. Indrasena,Amarpur
60,APP51016591619,10231710207,U.M.S. Kajra (Hindi),Amarpur
61,APP51016992069,10231711801,U.M.S. Kalyanpur,Amarpur
62,APP51016430778,10231713702,U.M.S. Kamdeopur (Boy),Amarpur
63,APP51016429303,10231713202,"U.M.S. Kamdeopur, Koiritola",Amarpur
64,APP51016431771,10231711403,U.M.S. Khaira,Amarpur
65,APP510161005394,10231705401,U.M.S. KOINDHA,Amarpur
66,APP51016908074,10231701801,U.M.S. Laxmipur,Amarpur
67,APP51016431982,10231708603,U.M.S. Mahgama Urdu,Amarpur
68,APP51016591507,10231715601,U.M.S. Mahouta,Amarpur
69,APP51016430956,10231706704,U.M.S. Pansalla,Amarpur
70,APP51016430828,10231704106,U.M.S. Pawai,Amarpur
71,APP51016429278,10231707901,U.M.S. Ramchandrapur Ithari,Amarpur
72,APP51016430168,10231707502,"U.M.S. Rampur, Amarpur",Amarpur
73,APP51016591627,10231710401,U.M.S. RANIKITTA,Amarpur
74,APP51016910266,10231722301,U.M.S. Shahaganjbad,Amarpur
75,APP51016591304,10231700908,U.M.S. Tetriya Kishanpur,Amarpur
76,APP51016429297,10231713201,U.M.S. Vikrampur,Amarpur
77,APP51016982358,10231707211,U.M.S.Baja,Amarpur
78,APP51016982308,10231707804,U.M.S.Janakpur,Amarpur
79,APP51016430832,10231701402,U.M.S.Jankipur,Amarpur
80,APP51016997917,10231711507,U.M.S.Jethour Jamua,Amarpur
81,APP51016908014,10231714602,U.M.S.Kulhariya,Amarpur
82,APP51016591313,10231701501,U.M.S.Pathaki,Amarpur
83,APP51016431998,10231708002,U.M.S.Shobhanpur,Amarpur
84,APP510161138197,10231705402,Uhs Baijudih Amarpur Banka,Amarpur
85,APP510161138471,10231720303,Uhs Fatehpur,Amarpur
86,APP510161340944,10231707302,UHS KOLBUJURG,Amarpur
87,APP510161348902,10231706305,Uhs Surihari,Amarpur
88,APP51016994711,10231710801,Ums Bhimsen,Amarpur
89,APP510161034268,10231701101,Ums Chandpur,Amarpur
90,APP510161032507,10231700902,Ums Chokar Maldah Chak,Amarpur
91,APP51016911073,10231707210,UMS JANAKPUR,Amarpur
92,APP510161360123,10231702301,UMS MAINMA AMARPUR,Amarpur
93,APP510161032323,10231717102,Ums Rajapur,Amarpur
94,APP510161040485,10231704701,Ums Tardih,Amarpur
95,APP51016429285,10231709203,UP GRADED MS NANAICHAK,Amarpur
96,APP51016429367,10231703302,"UPGRADED MIDDLE SCHOOL, BAIJUDIH",Amarpur
97,APP510161301811,10231704702,"Utkramit madhya vidyalaya, Tardih, Amarpur",Amarpur
98,APP51016593058,10232500901,A.Lalit Girishwar M.S. Banka,Banka
99,APP51016594614,10232503001,Abhyash M.S. Banka,Banka
100,APP510161360936,10232507403,ANG PUBLIC SCHOOL DHAKAMORE,Banka
101,APP51016593067,10232514602,Buniyadi School Bhatkundi,Banka
102,APP510161348205,10232510702,Buniyadi school danra banka,Banka
103,APP510161000347,10232511713,Buniyadi School Khamari,Banka
104,APP510161105003,10232514302,Girls M.S.Deshariya,Banka
105,APP510161368135,10232503008,IDEAL ACADEMY BANKA,Banka
106,APP510161080809,10232511720,Ideal Public English School,Banka
107,APP51016593149,10232505702,M.S Pararia,Banka
108,APP51016585655,10232500801,M.S. Domakhandh,Banka
109,APP510161070925,10232518602,M.S. Douna,Banka
110,APP510161341372,10232506502,MS BISHANPUR,Banka
111,APP51016262085,10232518204,N.U.H.S AMARPUR BANKA,Banka
112,APP51016594617,10232502902,"R. Girls M.S., Banka",Banka
113,APP51016200473,10232503005,R.M.K. Inter School Banka,Banka
114,APP51016585689,10232507508,R.M.S. Teliya,Banka
115,APP51016171548,10232503004,S.S Girls Hs Banka,Banka
116,APP51016910263,10232503805,Skp School Banka,Banka
117,APP51016256403,10232511705,T.R.P.S. High School Kakwara,Banka
118,APP510161338540,10232514603,U H S KARMA,Banka
119,APP510161033149,10232519101,U. M. S. Dudhiyatari,Banka
120,APP51016462539,10232501402,U. M. S. Purani Lahaita,Banka
121,APP51016462322,10232505903,U.M. S. Haripur,Banka
122,APP51016593434,10232518101,U.M.S Akoriya,Banka
123,APP510161141574,10232509302,U.M.S ANANDPUR,Banka
124,APP510161043517,10232519201,U.M.S Baliyamahra,Banka
125,APP510161349143,10232519301,U.M.S BASBERWA,Banka
126,APP51016593437,10232507602,U.M.S BHITTHI,Banka
127,APP510161042794,10232518701,U.M.S Bhora,Banka
128,APP51016462298,10232506101,U.M.S Bindi Girl,Banka
129,APP510161344702,10232517402,U.M.S BISHAHARA,Banka
130,APP51016593442,10232517401,U.M.S DUDHARI,Banka
131,APP510161353268,10230103901,U.M.S Dukhansar,Banka
132,APP510161037852,10232501301,U.M.S Gonra,Banka
133,APP51016462334,10232508004,U.M.S Kajhiya,Banka
134,APP510161042778,10232519106,U.M.S Koriyachapar,Banka
135,APP510161039275,10232519203,U.M.S Kurawa,Banka
136,APP510161100127,10232512107,U.M.S Larhomati,Banka
137,APP51016593451,10232501107,U.M.S Madpa,Banka
138,APP51016585636,10232511714,U.M.S Noniya Vasar,Banka
139,APP51016593448,10232517415,U.M.S Urdu Chubhiya,Banka
140,APP510161340216,10232507701,U.M.S WASHIPUR BANKA,Banka
141,APP51016593431,10232509003,U.M.S. Amba,Banka
142,APP510161102421,10230903703,U.M.S. Baliyas,Banka
143,APP51016591095,10232501001,U.M.S. Chakkadih,Banka
144,APP51016593171,10232518402,U.M.S. Choubatiya,Banka
145,APP51016462543,10232518503,U.M.S. Chutiya,Banka
146,APP510161104931,10232500501,U.M.S. Devda,Banka
147,APP510161171236,10232507401,U.M.S. Dhaka,Banka
148,APP510161070939,10232515603,U.M.S. Dhodari,Banka
149,APP510161348099,10230107001,U.M.S. Ghagharijor,Banka
150,APP51016585879,10232511719,U.M.S. Gohkara,Banka
151,APP51016586622,10232512601,U.M.S. Gouripur,Banka
152,APP51016462540,10232511302,U.M.S. Jhirwa,Banka
153,APP510161108272,10232509901,U.M.S. Jitarpur,Banka
154,APP510161014556,10232506704,U.M.S. Jogdiha,Banka
155,APP51016992006,10232519806,U.M.S. Kateli,Banka
156,APP51016575158,10232511710,U.M.S. Koriyandha,Banka
157,APP510161083762,10232518303,U.M.S. Kuttadih,Banka
158,APP51016462362,10232501403,U.M.S. LAHEITA MAHARAJGANJ,Banka
159,APP51016593449,10232517409,U.M.S. LALMATIYA,Banka
160,APP510161048119,10232510402,U.M.S. Maheshadih,Banka
161,APP51016585906,10232515302,U.M.S. Majlishpur,Banka
162,APP51016462319,10232506402,U.M.S. Manjhiyara,Banka
163,APP51016593466,10232514303,U.M.S. Manjira,Banka
164,APP510161012272,10232503602,U.M.S. Meharpur,Banka
165,APP51016969459,10230911104,U.M.S. PARARIYA,Banka
166,APP51016593423,10232518907,U.M.S. Pokhariya,Banka
167,APP51016585674,10232515102,U.M.S. Rainiya,Banka
168,APP51016462366,10232515605,U.M.S. Samukhiya,Banka
169,APP510161013205,10232511717,U.M.S. Sanhaula Banka,Banka
170,APP51016723476,10232502701,U.M.S.HASIYA,Banka
171,APP510161291775,10232515103,U.U.M.S RAINIYA JOGDIHA BANKA,Banka
172,APP510161341552,10232519403,"UCHCH MADHYAMIK VIDYALAYA,CHHATRAPAL",Banka
173,APP510161158308,10232516101,Uchcha Madhaymik Vidyalay Lakrikola,Banka
174,APP510161171245,10232508405,UCHCHA MADHAYMIK VIDYALAY TELIYA,Banka
175,APP510161345062,10232511401,"Uchcha Madhyamik Vidyalay, Dakshin Kateli, Banka",Banka
176,APP510161344657,10230914303,Uhs amjora,Banka
177,APP510161297859,10232512108,UHS DOMUHAN BANKA,Banka
178,APP510161142967,10232508006,Uhs Kajhiya Banka,Banka
179,APP510161324845,10232509304,UHS LAKHNOUDIH BANKA,Banka
180,APP510161296997,10231707809,UHS Shobanpur,Banka
181,APP510161041043,10232519205,UHSBASBERWA,Banka
182,APP510161357985,10232516001,Ums Barisal,Banka
183,APP510161041197,10232507506,Ums Belatikar,Banka
184,APP51016462317,10232506003,Ums Bhadrar Hindi,Banka
185,APP510161102533,10232512101,Ums Domuhan,Banka
186,APP510161030624,10232512401,Ums Kaharabandh,Banka
187,APP510161042284,10232518901,Ums Kajhiyagora,Banka
188,APP510161362106,10232519105,UMS KHAWA,Banka
189,APP510161044078,10232509801,Ums Lakrikola Banka,Banka
190,APP510161340574,10232517412,UMS NIPANIYAN,Banka
191,APP510161288995,10230109205,UMS Panjarpatta,Banka
192,APP51016723441,10230505101,Ums Rajawar,Banka
193,APP510161040166,10232510202,Ums Sadpur,Banka
194,APP510161106225,10232503301,Ums Saijpur,Banka
195,APP51016996066,10232518404,UP GRADED MIDDLE SCHOOL HIRMOTI,Banka
196,APP51016594610,10232502901,URDU.U.M.S BOYS BANKA,Banka
197,APP510161343898,10232518304,UTRAKAMIT MADHYAMIK SCHOOL HASIYA BANKA,Banka
198,APP510161359520,10231001502,VIDYAYAN AWASIYA BAL VIDYALAYA KHUSHAHALPUR,Banka
199,APP510161355387,10232503009,YUG NIRMAN MISSION GAYATRI VIDHYAPITH,Banka
200,APP51016270542,10231001314,A.S.S Project Girls Hs Kharahra,Barahat
201,APP510161040149,10231000613,Buniyadi School Mohanpur,Barahat
202,APP510161028915,10231006305,Dr. Harihar Choudhary High School Barahat,Barahat
203,APP510161046766,10231009501,Girl M S Lakhpura,Barahat
204,APP51016909980,10231003503,Girl M.S. Sabalpur,Barahat
205,APP51016187714,10231004705,High School Babhangama,Barahat
206,APP51016201477,10231001706,J.P.S HS GURUDWAR,Barahat
207,APP510161093675,10231001316,M S Babhangama,Barahat
208,APP510161039773,10231009602,M S Kamalpur,Barahat
209,APP510161027831,10231008202,M. S KOLAHATHA CHAPRA,Barahat
210,APP51016917567,10231000609,M.S Sondiha,Barahat
211,APP51016913057,10231001003,M.S Narayanpur,Barahat
212,APP51016735647,10231005401,M.S SAHARNA,Barahat
213,APP51016726640,10231000406,M.S. Bhurna,Barahat
214,APP51016912534,10231001307,M.S. Kharhara,Barahat
215,APP51016632523,10231000906,M.S. Mahuwa,Barahat
216,APP51016907809,10231004107,Middle School Bhanga Pathra,Barahat
217,APP51016913908,10231004602,Middle School Lakhpura Boy,Barahat
218,APP51016905998,10231000704,R.M.V. Panjwara,Barahat
219,APP51016942903,10231000707,Rajya Samposhit Hs Panjwara,Barahat
220,APP51016885066,10231000207,Rameshwar Bhairo Radhika Hs Pathra,Barahat
221,APP51016909823,10231000617,Sns High School Mohanpur Baraht Banka,Barahat
222,APP510161041968,10231003401,U M S Baratikar,Barahat
223,APP510161110751,10231000709,U M S Charsiya,Barahat
224,APP510161040730,10231002301,U M S Charua Girl,Barahat
225,APP510161100313,10231000107,U M S LILAVARAN (URDU),Barahat
226,APP510161040141,10231009601,U M S Louni,Barahat
227,APP510161039980,10231001002,U M S Makhanpur,Barahat
228,APP510161029098,10231004601,U M S Saruka,Barahat
229,APP510161040451,10231000206,U. M. S. Haripur,Barahat
230,APP510161049177,10231000102,U.M.S AURIYA,Barahat
231,APP51016915192,10231002506,"U.M.S Chilmil,Urdu",Barahat
232,APP510161028272,10231001303,U.M.S Choubedih,Barahat
233,APP510161080452,10231000902,U.M.S Kunouni Khairatikar,Barahat
234,APP51016917459,10231000111,U.M.S Parghari,Barahat
235,APP51016731786,10231000404,U.M.S. Babudih,Barahat
236,APP51016915083,10231003001,U.M.S. Barhouna,Barahat
237,APP51016911461,10231000302,U.M.S. Kaithatikar (Urdu),Barahat
238,APP51016990029,10231000619,U.M.S. Sidhoun,Barahat
239,APP51016909662,10231007402,U.M.S.Dahuki,Barahat
240,APP51016909764,10231002701,U.M.S.Dubrajpur,Barahat
241,APP510161344638,10231004306,U.U.M.S. AURIYA,Barahat
242,APP510161140029,10231007403,Uhs Sabalpur,Barahat
243,APP510161346426,10231005402,UHS SAHARNA,Barahat
244,APP510161027836,10231006802,Ums Balarpur,Barahat
245,APP51016916663,10231002801,Ums Basouni Barahat,Barahat
246,APP510161027985,10231006003,UMS BHOJPURA NEMUA,Barahat
247,APP510161041409,10231007502,Ums Chandidih,Barahat
248,APP510161034214,10231002201,UMS CHANGERI GIRL,Barahat
249,APP510161100266,10231002305,Ums Changeri Mirzapur,Barahat
250,APP510161106799,10231000104,Ums Chihar Girl,Barahat
251,APP510161042012,10231002502,Ums Dafarpur Urdu,Barahat
252,APP510161032125,10231004105,Ums Dholiya Girl,Barahat
253,APP510161027452,10231001601,Ums Govindpur,Barahat
254,APP510161038471,10231008102,Ums Jethor Kakaria,Barahat
255,APP510161038916,10231000612,Ums Kaithpura,Barahat
256,APP51016910166,10231001202,Ums Kharihara Urdu Boy Barahat,Barahat
257,APP510161025057,10231001401,UMS KHIDDI BHANSIYA BITTA,Barahat
258,APP510161100832,10231009101,Ums Lakhnoudih,Barahat
259,APP510161113723,10231007302,Ums Nagrijanukitta,Barahat
260,APP510161093688,10231008302,Ums Yashopathra,Barahat
261,APP510161037708,10231000802,Urdu U M S Labokhar,Barahat
262,APP510161032610,10231001302,Uums Kharhara,Barahat
263,APP510161040091,10230604002,Adwaita Mission High School,Bausi
264,APP51016194724,10230622604,C.N.D. High School Bounsi,Bausi
265,APP510161147814,10230600102,Children Garden Residential School,Bausi
266,APP510161365014,10230608901,GREENWAY CONVENT,Bausi
267,APP510161245492,10230619503,Jawahar Navodaya Vidyalaya Shaktinagar Banka,Bausi
268,APP510161039632,10230608006,Kanya Middle School Bounsi,Bausi
269,APP51016631757,10230622605,L.N.D. Project Girls Higher Sacendary School,Bausi
270,APP51016460705,10230613401,M.S. CHANDAN DEM,Bausi
271,APP51016461602,10230608201,M.S. Guriya,Bausi
272,APP510161035637,10230600902,M.S. Shobha Pathar,Bausi
273,APP51016461115,10230615108,Mahatma Gandhi M.S. Jabra,Bausi
274,APP51016460894,10230604907,R U.H.S Lilavaran,Bausi
275,APP51016461615,10230608005,R.M.S. Bounsi,Bausi
276,APP51016200534,10230619504,Sri Durga Hs Shakti Nagar,Bausi
277,APP51016270479,10230622303,Surat Chand Choudhary Hs Jabra,Bausi
278,APP510161288668,10230606209,U H S KAIRI,Bausi
279,APP510161311602,10230614201,U M S LILAVARAN,Bausi
280,APP510161341287,10230602802,U M S SINGESHWARI,Bausi
281,APP510161027394,10230602704,U. H. S. Bishanpur,Bausi
282,APP510161119149,10230601201,U. M. S. Saruwa,Bausi
283,APP51016991596,10230607201,U.H.S Babhangama,Bausi
284,APP51016462196,10230625502,U.H.S Gokula,Bausi
285,APP510161345047,10230615502,U.H.S. Jhapaniya,Bausi
286,APP51016987912,10230608003,U.H.S.Jhapaniyan,Bausi
287,APP51016461608,10230604601,U.H.S.Madari,Bausi
288,APP51016461092,10230618801,U.M.S CHILKARA,Bausi
289,APP51016713959,10230600903,U.M.S Sikandarpur,Bausi
290,APP51016461988,10230615106,U.M.S Angaru,Bausi
291,APP51016461614,10230614001,U.M.S BABHNI BAGICHA,Bausi
292,APP51016460866,10230621201,U.M.S Bagdumba,Bausi
293,APP51016461104,10230626701,U.M.S Barmasiya,Bausi
294,APP51016461158,10230604913,U.M.S Bhandarichak,Bausi
295,APP51016910514,10230602501,U.M.S BHURKURIYA,Bausi
296,APP51016462193,10230624201,U.M.S Brahampur,Bausi
297,APP51016461609,10230609101,U.M.S CHAKAINEEMA,Bausi
298,APP51016460893,10230615501,U.M.S Dahua Urdu,Bausi
299,APP51016983729,10230604801,U.M.S Durgapur,Bausi
300,APP510161040430,10230626704,U.M.s Faga,Bausi
301,APP51016460884,10230613101,U.M.S Hardiya Kurawa,Bausi
302,APP51016461156,10230621203,U.M.S Maharana,Bausi
303,APP51016460903,10230602601,U.M.S Sikchuliya,Bausi
304,APP51016461987,10230607501,U.M.S Simra,Bausi
305,APP51016461624,10230601206,U.M.S. Aamgachi,Bausi
306,APP51016461989,10230608002,U.M.S. Bhikha,Bausi
307,APP51016461618,10230626707,U.M.S. Chaitawaran,Bausi
308,APP51016460706,10230610201,U.M.S. Ithari (Girl),Bausi
309,APP51016461607,10230618804,U.M.S. JHALAR,Bausi
310,APP51016461621,10230610104,U.M.S. Kalhajor,Bausi
311,APP51016461992,10230608102,U.M.S. Pandatola,Bausi
312,APP51016577673,10230625602,U.M.S. Rajdah,Bausi
313,APP510161010763,10230617802,U.M.S. Saanp Dahar,Bausi
314,APP51016461617,10230610602,U.M.S. Sareiya Hindi,Bausi
315,APP510161000295,10230624901,U.M.S. Sareiya Urdu Maktab,Bausi
316,APP51016461605,10230601905,U.M.S. SAROUNI,Bausi
317,APP51016461085,10230606205,U.M.S.KAJI KAIRY,Bausi
318,APP51016461157,10230610101,U.M.S.Maniyarpur,Bausi
319,APP51016461620,10230618401,U.Ms.. Madhopur,Bausi
320,APP510161345308,10230600909,UCHCH MADHYAMIK VIDYALAY SIKANDARPUR,Bausi
321,APP510161167592,10230621209,Uchcha Madhaymik Vidyalay Bagdumba,Bausi
322,APP510161143113,10230605201,Uchcha Madhaymik Vidyalay Dahua,Bausi
323,APP510161344823,10230606301,UHS GOKULA,Bausi
324,APP510161041427,10230626706,Ums Kanikath,Bausi
325,APP510161345886,10230612601,ums baghwa,Bausi
326,APP510161038359,10230618701,Ums Bandhuakurawa,Bausi
327,APP510161120539,10230625601,Ums Bhaluwawadar,Bausi
328,APP510161349516,10230617601,Ums Chuapani,Bausi
329,APP510161042059,10230626401,Ums Dharampur,Bausi
330,APP510161042521,10230614402,Ums Dumariya,Bausi
331,APP510161044069,10230601901,Ums Ghutiya,Bausi
332,APP510161365762,10230626102,UMS Khijurmuriya,Bausi
333,APP51016462201,10230607403,UMS SIRAIN,Bausi
334,APP510161349873,10230605403,Ums Vishanpur,Bausi
335,APP510161119599,10230605702,UMS VRINDAVAN,Bausi
336,APP510161340590,10230610403,UTKARMIT SENIOR SECONDARY SCHOOL FAGA,Bausi
337,APP510161357238,10231001532,VIDYAYAN AWASIYA BAL VIDYALAYA KHUSHAHALPUR,Bausi
338,APP51016584046,10232801102,A.M.S. Belhar,Belhar
339,APP51016908841,10232805001,A.M.S. Gorganwan,Belhar
340,APP510161378452,10232800407,APPOLO PUBLIC SCHOOL,Belhar
341,APP510161357379,10232800408,BLUE DIAMOND PUBLIC SCHOOL,Belhar
342,APP51016983013,10232805701,Girl M.S. Rajpur,Belhar
343,APP51016194767,10232815403,HIGH SCHOOL SAHEBGANJ,Belhar
344,APP51016909938,10232824201,M S Beldiha,Belhar
345,APP51016982530,10232820402,M S Bijikhorba,Belhar
346,APP510161001181,10232807005,M.S Barahra,Belhar
347,APP51016986466,10232807010,M.S Nimiya Amahara,Belhar
348,APP51016723498,10232800101,M.S. DARSHANIYAN,Belhar
349,APP51016908932,10232814001,M.S. Matihani,Belhar
350,APP51016982549,10232800401,M.S. Sahabganj,Belhar
351,APP51016582202,10232823701,M.S. Simariya,Belhar
352,APP51016982762,10232823505,M.S. Tengra,Belhar
353,APP510161389296,10232818401,M.S.NAGEL,Belhar
354,APP51016585418,10232824302,M.V Bishanpur,Belhar
355,APP510161029427,10232805702,Ms Rajpur Balak,Belhar
356,APP51016911004,10232807004,Ms Sautadih,Belhar
357,APP51016914687,10232805502,PM SHRI +2 HIGH SCHOOL BELDIHA,Belhar
358,APP510161341551,10232801107,Project girl high school Belhar,Belhar
359,APP510161029112,10232805705,Rajpur High School Rajpur,Belhar
360,APP510161301817,10232823802,U H S NIMIYA KASHIDIH,Belhar
361,APP510161005601,10232815801,U M S Mahkara,Belhar
362,APP510161345420,10232803501,U M S Manjhgayn,Belhar
363,APP510161340118,10232814006,U U H S GHORBHIYAR MATIHANI,Belhar
364,APP510161340948,10232812802,U.H.S DARSHANIYA BELHAR,Belhar
365,APP510161360513,10232817302,U.H.S. BELA BIJHARA,Belhar
366,APP510161341846,10232828301,U.H.S. TENGRA,Belhar
367,APP51016585473,10232817501,U.H.S.. Bela Bijhara,Belhar
368,APP510161319680,10232813401,U.H.S.BAUKA BELHAR,Belhar
369,APP51016585044,10232802501,U.H.S.Bouka,Belhar
370,APP51016935219,10232821901,U.H.S.Hathiya Darha,Belhar
371,APP51016986627,10232803302,U.M.S Pachrukhi,Belhar
372,APP51016582179,10232804501,U.M.S Ghogha,Belhar
373,APP510161006828,10232823801,U.M.S Kashidih,Belhar
374,APP51016987097,10232811201,U.M.S Kashidih Bangama,Belhar
375,APP51016582310,10232807009,U.M.S Khairikhad,Belhar
376,APP510161010538,10232825201,U.M.S Khutahari,Belhar
377,APP51016991392,10232810601,U.M.S Navibandh,Belhar
378,APP51016982928,10232815001,U.M.S. Baghounia,Belhar
379,APP51016995453,10232814405,U.M.S. BAHJORA BELHAR BANKA,Belhar
380,APP51016981534,10232807401,U.M.S. Bahorna,Belhar
381,APP510161009961,10232800701,U.M.S. Bakrar,Belhar
382,APP51016983780,10232504301,U.M.S. BARA,Belhar
383,APP51016986482,10232815603,U.M.S. Chaiti,Belhar
384,APP510161005810,10232801801,U.M.S. Chinguliya,Belhar
385,APP51016910088,10232807801,U.M.S. Choura,Belhar
386,APP51016585463,10232801301,U.M.S. Devandih,Belhar
387,APP51016585446,10232824101,U.M.S. Dolbandh,Belhar
388,APP51016585429,10232824901,U.M.S. Ghuthiya,Belhar
389,APP51016985489,10232814401,U.M.S. Giddha,Belhar
390,APP51016988133,10232808101,U.M.S. Jamni Korasi,Belhar
391,APP51016585440,10232802301,U.M.S. JHIKULIYA,Belhar
392,APP51016985232,10232808401,U.M.S. Kendua Jharna,Belhar
393,APP510161010492,10232806101,U.M.S. Khadoudha,Belhar
394,APP51016585453,10232822401,U.M.S. Kuraba,Belhar
395,APP510161006579,10232802601,U.M.S. Lulha,Belhar
396,APP51016987157,10232806501,U.M.S. MADHUKARPUR,Belhar
397,APP51016985945,10232808201,U.M.S. Nakti Doulatpur,Belhar
398,APP510161010615,10232807301,U.M.S. Nawadih Banheiti,Belhar
399,APP51016584973,10232808002,U.M.S. Paprewa,Belhar
400,APP51016993286,10232807201,U.M.S. Pathalkuria,Belhar
401,APP51016582911,10232802302,U.M.S. Rattuchak,Belhar
402,APP510161351126,10232821101,U.M.S. SABAIJOR,Belhar
403,APP51016582171,10232804801,U.M.S. Sardara,Belhar
404,APP51016582319,10232803201,U.M.S. Sarsadda,Belhar
405,APP51016582850,10232807001,U.M.S. Srinagar,Belhar
406,APP51016988616,10232814404,U.M.S. Taraiya,Belhar
407,APP51016988092,10232800702,U.M.S. Tilakpur,Belhar
408,APP51016909559,10232804601,U.M.S. Tilwariya,Belhar
409,APP510161341848,10232807702,UCHCH MADHYAMIK VIDYALAY DHOURI,Belhar
410,APP51016983805,10232821902,Uhs Hathiya Darha,Belhar
411,APP510161030379,10232814801,Ums Chhagarchhara,Belhar
412,APP51016585367,10232824401,Ums Chirouta,Belhar
413,APP510161351004,10232817502,UMS DAMJOR,Belhar
414,APP510161030371,10232822301,UMS DHANJORBA,Belhar
415,APP510161344908,10232807701,Ums Dubba,Belhar
416,APP510161340034,10232800501,Ums Dumariya,Belhar
417,APP510161028914,10232806601,UMS KAITHATIKAR,Belhar
418,APP510161030733,10232824301,Ums Khasiya,Belhar
419,APP51016995073,10232408201,Ums Kurma Dharampur,Belhar
420,APP510161030396,10232829302,Ums Nimatar,Belhar
421,APP51016582861,10232817701,Ums Pasia,Belhar
422,APP510161348785,10232821102,Ums Raghunathpur,Belhar
423,APP51016982766,10232802802,Ums Ramnagar (West),Belhar
424,APP51016981753,10232817503,Ums Trouna,Belhar
425,APP51016585607,10230807404,Ums Ulhi,Belhar
426,APP51016213306,10232818402,Upgraded High School Nagel,Belhar
427,APP510161039643,10232809101,Utkramit Madhyamik School Charaiya,Belhar
428,APP510161189220,10232804306,UTTKRAMIT UCHCHA MADHYAMIK VIDHYALAYA TARAIYA,Belhar
429,APP510161390932,10230804807,DEVSTHALI VIDYAPEETH SUIYA,Chanan
430,APP51016989529,10230800213,Girl. M.S. Chandan,Chanan
431,APP510161309277,10230822104,GYAN JYOTI VIDYA VIHAR,Chanan
432,APP510161031993,10230809804,M S Bhelwa,Chanan
433,APP51016216408,10230800209,M.M.K.G. High School Chandan,Chanan
434,APP51016986612,10230802303,M.S. Bank,Chanan
435,APP51016988201,10230809201,M.S. Bhanra,Chanan
436,APP510161039712,10230828702,M.S. NONIYA,Chanan
437,APP51016984128,10230804805,M.S. SUIYA,Chanan
438,APP510161310195,10230812001,M.S.SILJORI,Chanan
439,APP51016173398,10230827702,PROJECT GIRLS HIGH SCHOOL BHAIROGANJ,Chanan
440,APP51016200333,10230804806,S.S.B.S.M.G Hs Suiya Ghuthiya,Chanan
441,APP510161396549,10230802402,ST. ALPHONSA SCHOOL JHINGAJHAL,Chanan
442,APP510161083620,10230806403,U M S Chihutjor,Chanan
443,APP510161045797,10230820801,U M S Dhanoukshi,Chanan
444,APP510161029667,10230802601,U M S Govindpur,Chanan
445,APP51016929780,10232803002,U M S Letwa,Chanan
446,APP510161075433,10230800302,U M S Piluwa,Chanan
447,APP510161312014,10230801902,U M S SATBHAIYA,Chanan
448,APP510161339764,10230803403,U U M V Uttari Warney,Chanan
449,APP510161341887,10230833203,U.H.S BODA SUIYA,Chanan
450,APP510161347753,10230834303,U.H.S Fulhara,Chanan
451,APP510161255499,10230810206,U.H.S SILJORI CHANDAN BANKA,Chanan
452,APP510161347039,10230823003,U.H.S. ASUDA MUKUNDA,Chanan
453,APP510161340421,10230809401,U.H.S. BANK CHANDAN,Chanan
454,APP510161290170,10230802102,U.H.S. Kusumjori,Chanan
455,APP510161318455,10230809601,U.H.S.BHORA BAZAR,Chanan
456,APP51016988552,10230802101,U.H.S.Kusumjori,Chanan
457,APP510161289500,10230822102,U.M.S Bandri,Chanan
458,APP510161031396,10230813202,U.M.S Beharbari,Chanan
459,APP510161031690,10230820601,U.M.S Beharbari,Chanan
460,APP510161032032,10230808801,U.M.S Bhadariya,Chanan
461,APP51016992470,10230826901,U.M.S Bishanpur,Chanan
462,APP510161030516,10230804501,U.M.S Boda,Chanan
463,APP510161030388,10230830101,U.M.S Chhabela,Chanan
464,APP51016995637,10230833402,U.M.S Goura,Chanan
465,APP510161026402,10230800216,U.M.S JANAKPUR CHANDAN,Chanan
466,APP510161033758,10230820101,U.M.S Jerua,Chanan
467,APP510161038996,10230806601,U.M.S Kauadah,Chanan
468,APP510161031901,10230804401,U.M.S Khijuriya,Chanan
469,APP510161076439,10230831702,U.M.S Lathane,Chanan
470,APP510161080190,10230825701,U.M.S Salaiya,Chanan
471,APP51016992162,10230831801,U.M.S. Antua,Chanan
472,APP51016981590,10230832701,U.M.S. Cheera,Chanan
473,APP510161345001,10230813101,U.M.S. DUMARIYA,Chanan
474,APP510161005278,10230800901,U.M.S. Gouripur,Chanan
475,APP510161006192,10230805803,U.M.S. Hathiyapathar,Chanan
476,APP51016987836,10230802701,U.M.S. Jhajha,Chanan
477,APP510161041006,10230817102,U.M.S. Jiropahari,Chanan
478,APP510161030399,10230829302,U.M.S. Jogmaran,Chanan
479,APP510161084441,10230816801,U.M.S. Kadwamaran,Chanan
480,APP510161039200,10230800101,U.M.S. Koriya Chandan,Chanan
481,APP510161043771,10230833401,U.M.S. LOHTANIYA,Chanan
482,APP51016990293,10230800220,U.M.S. NAWADIH S.C,Chanan
483,APP510161030397,10230810902,U.M.S. Salaibona,Chanan
484,APP510161151608,10230109402,U.M.S. SALAIYA,Chanan
485,APP51016990274,10230829701,U.M.S. Shekhpura Tanr,Chanan
486,APP510161067759,10230808701,U.M.S. Tahakwani,Chanan
487,APP510161034077,10230805804,U.M.S. Tonapathar,Chanan
488,APP510161000179,10230806302,U.M.S.Barguniya,Chanan
489,APP510161030547,10230810701,U.M.S.Dudhikura,Chanan
490,APP510161349373,10230805101,Ucha madhyamik vidyalay katsakra,Chanan
491,APP510161340568,10230807405,UCHCHA MADHAYMIK VIDYALAY UTTARI KASWA BASILLA CHANDAN,Chanan
492,APP510161344687,10230800905,UCHCHA MADHAYMIK VIDYALAY GOURIPUR CHANDAN,Chanan
493,APP510161177850,10230833403,"UCHCHA MADHAYMIK VIDYALAY, DHANUWASAR",Chanan
494,APP510161344816,10230809810,UHS BHELWA,Chanan
495,APP510161340906,10230809101,UHS KENDUAR,Chanan
496,APP510161032708,10230806001,Ums Baghela,Chanan
497,APP510161030827,10230832601,Ums Bagra,Chanan
498,APP510161074932,10230820401,Ums Barmasiya,Chanan
499,APP510161039095,10230801001,Ums Biharo,Chanan
500,APP510161031644,10230809703,Ums Dubba,Chanan
501,APP510161041369,10230834302,UMS FULHARA,Chanan
502,APP510161040218,10230817201,UMS GAJJORAYDIH CHANDAN,Chanan
503,APP510161030464,10230822901,UMS GOURIAMBA,Chanan
504,APP510161040469,10230825601,Ums Guhjora,Chanan
505,APP510161032359,10230817301,Ums Hiraraidih,Chanan
506,APP510161032659,10230811601,Ums Jamuni,Chanan
507,APP510161032224,10230834102,Ums Jhiluwa,Chanan
508,APP510161041726,10230820002,Ums Laharniya,Chanan
509,APP510161038163,10230817801,Ums Padariya,Chanan
510,APP510161040308,10230829601,"Ums Paharpur,Bank",Chanan
511,APP510161035433,10230810203,Ums Pailwa,Chanan
512,APP510161030866,10230822401,Ums Pirra,Chanan
513,APP51016978848,10230806502,"UPGRADED MIDDLE SCHOOL,PIPRA",Chanan
514,APP510161030482,10230833202,Urdu P.M.V Suiya,Chanan
515,APP510161039246,10230815901,Utkarmit Madhyamic School Kenduar,Chanan
516,APP51016723465,10230823301,Utkramit M.S Asudha Mukunda,Chanan
517,APP510161006896,10230911002,Ams Rangram,Dhuraiya
518,APP510161042247,10230902102,Girl Ums Hirambi,Dhuraiya
519,APP510161032058,10230906304,Girls Uhs Tahirpur Kanya Urdu,Dhuraiya
520,APP510161122950,10230905102,Girls Ums Shripathar,Dhuraiya
521,APP51016372096,10230900807,High School Dhoriya,Dhuraiya
522,APP510161342691,10230907303,L.H.S.Kathbangaon Babura,Dhuraiya
523,APP51016980111,10230906606,M S KURMA,Dhuraiya
524,APP51016980686,10230903202,M S Ranyodha,Dhuraiya
525,APP510161040303,10230913302,M S Sadpur,Dhuraiya
526,APP510161082320,10230910902,M.S Bareri,Dhuraiya
527,APP51016982580,10230903305,M.S Jotha,Dhuraiya
528,APP510161040284,10230909509,M.S PAIR,Dhuraiya
529,APP510161003800,10230906503,M.S. Assi Makaita,Dhuraiya
530,APP51016983651,10230901907,M.S. Batsar,Dhuraiya
531,APP51016986856,10230906405,M.S. Dhankund,Dhuraiya
532,APP51016980476,10230900810,M.S. Dhoraiya,Dhuraiya
533,APP51016989029,10230909602,M.S. Jagatpur,Dhuraiya
534,APP510161013463,10230913107,M.S. Patwa Sripathar,Dhuraiya
535,APP51016979941,10230913002,M.S. Rampur Bhagwanpur,Dhuraiya
536,APP510161041915,10230901207,Middle School Laxmikitta,Dhuraiya
537,APP510161088132,10230913204,MMS CHALNA,Dhuraiya
538,APP510161296785,10230910806,MS CHALNA,Dhuraiya
539,APP510161030439,10230903403,Ms Ranka,Dhuraiya
540,APP510161355559,10230910305,New Bright Future Academy,Dhuraiya
541,APP510161351498,10234100157,Nuhs Bhatuachak,Dhuraiya
542,APP51016178258,10230903304,Rajat Jayanti Hs Jotha,Dhuraiya
543,APP510161338588,10230903503,Rms Sainchak,Dhuraiya
544,APP51016317702,10230913106,Slgpa High School Patwa Sripathar,Dhuraiya
545,APP510161333723,10230903306,SRI RAM MISSION,Dhuraiya
546,APP510161365833,10230910304,THE HORIZON SCHOOL,Dhuraiya
547,APP51016915434,10230910302,Tribhuwan Academy Lahoriya-Pair,Dhuraiya
548,APP510161042011,10230906902,U M S Gonarchak,Dhuraiya
549,APP510161030506,10230908707,U H S Jakha,Dhuraiya
550,APP510161344826,10230906608,U H S KURMA DHORAIYA,Dhuraiya
551,APP510161040819,10230907005,U M S Mohanpur,Dhuraiya
552,APP510161094490,10230912204,U.G.M.S Bhelay,Dhuraiya
553,APP510161039014,10230914302,U.H.S Amjoura,Dhuraiya
554,APP510161345067,10230911003,U.H.S. MATHURAPUR DHORAIYA,Dhuraiya
555,APP510161340674,10230906607,U.H.S. TAHIRPUR DHORAIYA,Dhuraiya
556,APP51016987261,10230906103,U.H.S.Bhatuachak,Dhuraiya
557,APP510161003314,10230908005,U.M.S Dharahara,Dhuraiya
558,APP51016994959,10230908104,U.M.S Ahiro (Hindi),Dhuraiya
559,APP510161043523,10230907004,U.M.S Babura Urdu,Dhuraiya
560,APP510161045598,10230909003,U.M.S Bhagalpura,Dhuraiya
561,APP510161041621,10230905702,U.M.S Birbalpur,Dhuraiya
562,APP510161040273,10230905602,U.M.S Guruduwar Fulwariya,Dhuraiya
563,APP510161029320,10230903102,U.M.S Kathara,Dhuraiya
564,APP510161040789,10230907305,U.M.S Kathbangaon,Dhuraiya
565,APP51016993322,10230901502,U.M.S Khaira,Dhuraiya
566,APP510161078451,10230901704,U.M.S Lougany,Dhuraiya
567,APP510161024639,10230903002,U.M.S Parsa Baniyachak,Dhuraiya
568,APP510161040998,10230912302,U.M.S Pashana,Dhuraiya
569,APP510161039960,10230908803,U.M.S SHASAN,Dhuraiya
570,APP510161008594,10230901802,U.M.S. Baijnathpur,Dhuraiya
571,APP510161013446,10230908705,U.M.S. Beli,Dhuraiya
572,APP51016991338,10230910602,U.M.S. Gachiya,Dhuraiya
573,APP510161042320,10230902002,U.M.S. Gajichak,Dhuraiya
574,APP510161011240,10230920602,U.M.S. Harirampur,Dhuraiya
575,APP510161100954,10230909903,U.M.S. Jagankitta,Dhuraiya
576,APP51016731277,10230904902,U.M.S. Jonki,Dhuraiya
577,APP510161011405,10230908006,U.M.S. Kushmaha,Dhuraiya
578,APP51016789525,10230910207,U.M.S. KUSHMI,Dhuraiya
579,APP51016983866,10230902708,U.M.S. Mahila Balak,Dhuraiya
580,APP51016476191,10230911402,U.M.S. Makesar,Dhuraiya
581,APP510161000306,10230908007,U.M.S. Motanga,Dhuraiya
582,APP510161000309,10230903803,U.M.S. Raghunikitta,Dhuraiya
583,APP510161097956,10230908403,U.M.S. Ramkol,Dhuraiya
584,APP510161010166,10230907402,U.M.S. Sijhatbadi,Dhuraiya
585,APP510161027671,10230901205,U.U.M.S Jaipur,Dhuraiya
586,APP510161340690,10230908008,UCHCHA MADHAYMIK VIDYALAY RANGAUN DHORAIYA,Dhuraiya
587,APP510161341627,10230903504,Uchcha Madhyamik Vidyalay Sainchak,Dhuraiya
588,APP510161279312,10230908109,UHS AHIRO,Dhuraiya
589,APP510161343780,10230906504,Uhs Assimakaita Dhoraiya Banka,Dhuraiya
590,APP510161340398,10230913205,Uhs Chalna,Dhuraiya
591,APP51016987347,10230910804,Uhs Chandadih,Dhuraiya
592,APP510161340302,10230916301,UHS JAKHA,Dhuraiya
593,APP510161009929,10230909904,Ums Aoura,Dhuraiya
594,APP51016980170,10230905002,Ums Bhallu,Dhuraiya
595,APP51016723237,10230904101,Ums Birniya Santhal,Dhuraiya
596,APP510161042586,10230902707,Ums Bishanpur,Dhuraiya
597,APP510161090591,10230908704,Ums Chandpur,Dhuraiya
598,APP510161028293,10230902302,Ums Devdar,Dhuraiya
599,APP510161039849,10230911303,Ums Gangti,Dhuraiya
600,APP510161042485,10230909102,UMS GHUTHIYA,Dhuraiya
601,APP510161028063,10230900904,UMS KADMA URDU DHORAIYA,Dhuraiya
602,APP510161104587,10230903604,Ums Kathouni,Dhuraiya
603,APP510161040884,10230911803,Ums Kumardih,Dhuraiya
604,APP510161044607,10230907304,UMS LALSHAHI BHOGONDHA,Dhuraiya
605,APP510161039758,10230907902,Ums Manikpur,Dhuraiya
606,APP510161084083,10230900602,Ums Nandgola,Dhuraiya
607,APP510161075961,10230911504,UMS PIPRA URDU,Dhuraiya
608,APP510161044561,10230902903,UMS RANGOAN BUJURG,Dhuraiya
609,APP510161078895,10230909302,Ums Rifayatpur,Dhuraiya
610,APP510161080297,10230909510,UMS SC TOLA PAIR,Dhuraiya
611,APP51016982460,10230904101,Ums Virniya Santhal,Dhuraiya
612,APP510161143846,10230912203,Ums Yogdiha,Dhuraiya
613,APP510161026891,10230911001,Upgraded Madhyamik School Mathurapur,Dhuraiya
614,APP510161024764,10230900803,Urdu M.S Maheshpur,Dhuraiya
615,APP510161030042,10230905303,Urdu Ms Hasai,Dhuraiya
616,APP510161106569,10230912002,URDU UMS DHOPSANDA,Dhuraiya
617,APP510161125144,10230908301,Urdu Ums Singarpur Kanya,Dhuraiya
618,APP510161013571,10230904202,Urdu. U.M.S. Parihar,Dhuraiya
619,APP510161024739,10230900301,Utkarmit Madhyamik High School Sagunia Urdu,Dhuraiya
620,APP510161339798,10230904204,"Utkramit Uchcha Madhyamik Vidyalaya, Jaypur",Dhuraiya
621,APP510161338913,10230900304,UTKTAMIT UCHCH MADHYAMIK VIDYALAY SAGUNIYA URDU,Dhuraiya
622,APP51016908845,10230102105,+2 HIGH SCHOOL KATORIYA,Katoria
623,APP510161366137,10230102115,Aditya Academy,Katoria
624,APP510161032048,10230102110,G.M.S. Katoriya,Katoria
625,APP51016159444,10230105703,High School Abhyuday Nagar,Katoria
626,APP510161383996,10230101302,Holi Faimaly M.S. Charachapar,Katoria
627,APP510161384110,10230110308,IDEAL HOLY MISSION RESIDENTIAL SCHOOL KATHON,Katoria
628,APP510161029746,10230103803,M.S. Bhorsar,Katoria
629,APP510161033368,10230108605,M.S. Darwepatti,Katoria
630,APP510161305275,10230102303,M.S. Inarawaran,Katoria
631,APP51016981975,10230105604,M.S. Jamdaha,Katoria
632,APP510161344996,10230102401,M.S. KUMHARA TARI,Katoria
633,APP510161013324,10230105704,M.S. Merha,Katoria
634,APP510161339296,10230105804,M.S. Mochanma,Katoria
635,APP510161116657,10230105406,M.S. Mothabari,Katoria
636,APP510161101718,10230102504,M.S. RADHANAGAR,Katoria
637,APP510161042239,10230107205,M.S.Lilawaran,Katoria
638,APP510161122686,10230138302,N.P.S. Kursidol,Katoria
639,APP510161043557,10230118402,N.P.S.Kanimoh Kurmatarh,Katoria
640,APP510161377786,10230102113,Pratibha Bhaskar Vidyalaya Mukti Niketan Katoria,Katoria
641,APP510161040946,10230107102,Pro Middle School Malbathan,Katoria
642,APP51016178517,10230102106,PROJECT GIRLS HIGH SCHOOL KATORIYA,Katoria
643,APP510161119829,10230108306,Pronnat Madhya Vidyalayaha Supaha,Katoria
644,APP510161043315,10230105903,R. Santal M.S. Dolbhanga,Katoria
645,APP51016987712,10230102109,R.A.M.S. Katoriya,Katoria
646,APP510161030273,10230108509,R.B.S. KARJHONSA,Katoria
647,APP510161030776,10230104412,R.B.V. JAIPUR,Katoria
648,APP510161120454,10230101303,U M S Gharchappa,Katoria
649,APP510161084634,10230101203,U M S Narayanpur,Katoria
650,APP510161131324,10230100904,U M S Shekhabandh,Katoria
651,APP510161341572,10230135603,U. H. S. Dhebarmoh,Katoria
652,APP510161118336,10230104303,U. M. S. Bakuwamor,Katoria
653,APP510161133837,10230104407,U.G.P.S. Jaipur,Katoria
654,APP51016468082,10230101802,U.H.S. Budhava Bathan,Katoria
655,APP510161372857,10230101804,U.H.S. BUDHAVAA BATHAN KATORIYA,Katoria
656,APP51016916917,10230119203,U.H.S. Chhatakurum,Katoria
657,APP510161290133,10230109206,U.H.S. HARHAR,Katoria
658,APP510161341924,10230100804,U.H.S. KERWAR,Katoria
659,APP510161091994,10230105803,U.H.S. Mochanma,Katoria
660,APP51016984224,10230135602,U.H.S.Dhebarmoh,Katoria
661,APP510161117852,10230104409,U.M..S.Hindi Kanya Jaipur,Katoria
662,APP510161105143,10230106703,U.M.S Bahadiya,Katoria
663,APP510161120940,10230107301,U.M.S BANGALGARH,Katoria
664,APP510161110305,10230103702,U.M.S Bhelwa,Katoria
665,APP510161015987,10230105602,U.M.S Goddajor,Katoria
666,APP51016468077,10230107206,U.M.S Indraleela,Katoria
667,APP510161043431,10230102702,U.M.S KADHAR,Katoria
668,APP51016468073,10230105104,U.M.S Karipahari,Katoria
669,APP510161158078,10230107404,U.M.S Kathara,Katoria
670,APP510161071432,10230100603,U.M.S Kurumtarh,Katoria
671,APP510161347215,10230104102,U.M.S Nowadih,Katoria
672,APP510161364152,10230108102,U.M.S PARMAN,Katoria
673,APP510161031978,10230106305,U.M.S. Asanghatta,Katoria
674,APP510161043246,10230101002,U.M.S. ASNAHA,Katoria
675,APP510161043240,10230109602,U.M.S. Auravaran,Katoria
676,APP510161114048,10230101602,U.M.S. BALIYAS,Katoria
677,APP510161140328,10230109001,U.M.S. BANIYANKURA,Katoria
678,APP510161120665,10230110101,U.M.S. BARWANSI,Katoria
679,APP510161341785,10230110105,U.M.S. Barwansi,Katoria
680,APP510161119450,10230101902,U.M.S. Chananthara,Katoria
681,APP510161030756,10230108703,U.M.S. Devasi,Katoria
682,APP51016870269,10230106202,U.M.S. Dhan Varan,Katoria
683,APP510161105808,10230101403,U.M.S. Dolampur,Katoria
684,APP510161113517,10230105407,U.M.S. Ghumni Urdu,Katoria
685,APP51016467794,10230106102,U.M.S. Gorha,Katoria
686,APP510161037569,10230100201,U.M.S. Heth Telangava,Katoria
687,APP510161118429,10230112502,U.M.S. Jhilsi,Katoria
688,APP510161026858,10230103804,U.M.S. Kagisar,Katoria
689,APP510161157056,10230110306,U.M.S. Kathon,Katoria
690,APP510161346616,10230100803,U.M.S. Kervar,Katoria
691,APP510161098236,10230105302,U.M.S. Kherkhuti,Katoria
692,APP510161119343,10230103202,U.M.S. Kolhasar,Katoria
693,APP510161122967,10230107802,U.M.S. Laxmipur,Katoria
694,APP510161348727,10230105002,U.M.S. Malandih,Katoria
695,APP510161107926,10230110202,U.M.S. Mochanavaran,Katoria
696,APP510161105914,10230101703,U.M.S. Nadipar,Katoria
697,APP510161158017,10230136902,U.M.S. Nakti,Katoria
698,APP510161110283,10230109902,U.M.S. Papreva Kala,Katoria
699,APP510161083058,10230106502,U.M.S. Phulwariya,Katoria
700,APP510161041971,10230108202,U.M.S. Rajvara,Katoria
701,APP51016467829,10230106802,U.M.S. Rikhiyarajdah,Katoria
702,APP510161118395,10230100702,U.M.S. Sahdeva Navadih-1,Katoria
703,APP510161359648,10230106307,U.M.S. Sathiyari Ii,Katoria
704,APP510161056999,10230104603,"U.M.S. Sejuwa, Katoriya, Banka",Katoria
705,APP510161028326,10230104502,U.M.S. Siktiya Urdu,Katoria
706,APP510161346545,10230104907,U.M.S. Uparchak Madhiya (Mariha),Katoria
707,APP510161167574,10230107505,U.M.S.. Ghutiya Katoriya,Katoria
708,APP510161111215,10230109005,U.M.S.. HARHAR,Katoria
709,APP510161030477,10230109702,U.M.S.. Kalothar,Katoria
710,APP510161040423,10230115902,U.M.S.. Nilkunj,Katoria
711,APP510161105026,10230110401,U.M.S.Budhighat,Katoria
712,APP510161030565,10230108902,U.M.S.Hadgarh,Katoria
713,APP510161038040,10230103002,U.M.S.Kanibel,Katoria
714,APP510161039691,10230110307,U.M.S.Prakhand Kaloni Katoria,Katoria
715,APP510161006094,10230102304,U.U.M.V Inarawaran,Katoria
716,APP510161371370,10230125502,UCCHATAR MADHYAMIK VIDYALAY JAMDAHA,Katoria
717,APP510161359780,10230110001,UCHATTAR MADHYAMIK VIDYALAYA LILAWARAN KATORIYA,Katoria
718,APP510161345391,10230120002,Uhs Bhorsar,Katoria
719,APP510161342360,10230113301,UHS CHHATAKURUM,Katoria
720,APP510161214605,10230102703,UHS KOLHASAR KATORIYA,Katoria
721,APP510161045331,10230106308,UHS MANIYA,Katoria
722,APP510161108115,10230104906,Uhs Uparchak Madhiya (Mariha),Katoria
723,APP510161040140,10230108002,Ums Basmatta,Katoria
724,APP510161027961,10230112602,Ums Dumariya,Katoria
725,APP510161027758,10230103105,Ums Jamua,Katoria
726,APP510161357473,10230105502,Urdu.M.S. Ghormara,Katoria
727,APP51016888008,10231103109,"AWASIYA MASHRAL ACADEMY,KHESAR",Phulidumar
728,APP51016190722,10231105002,High School Domo Kumarpur,Phulidumar
729,APP51016460521,10231103107,Karu Mandal R.A.M.S. Khesar,Phulidumar
730,APP510161346572,10231104901,M S DHANKURIYA,Phulidumar
731,APP51016460513,10231103106,M S Samta,Phulidumar
732,APP51016460507,10231115603,M.S PATHADDA,Phulidumar
733,APP51016457776,10231117301,M.S Teliya Laugain,Phulidumar
734,APP51016460678,10231102901,M.S. Bhitiya,Phulidumar
735,APP51016460509,10231106101,M.S. Dimai,Phulidumar
736,APP51016457577,10231107201,M.S. Keitha Lourhiya,Phulidumar
737,APP51016454092,10231100801,M.S. Kenduar,Phulidumar
738,APP51016457579,10231105101,M.S. Pathain,Phulidumar
739,APP51016457566,10231116701,M.S. Rajwara,Phulidumar
740,APP51016460534,10231103903,M.S. Rata,Phulidumar
741,APP510161341492,10231116301,Ms Kediya Inarawaran,Phulidumar
742,APP51016457772,10231105001,R.M.S. Domo Kumarpur,Phulidumar
743,APP51016453889,10231117101,R.M.S. Parawchak,Phulidumar
744,APP510161147756,10231117004,"Residential Marshal Academy,Saliya(Gora)",Phulidumar
745,APP510161365198,10231116201,Sant Vinova Academy,Phulidumar
746,APP51016460530,10231104902,Swarn Mukhi U.H.S Dhankuria,Phulidumar
747,APP510161341798,10231115401,U H S DHAWA KANYA,Phulidumar
748,APP51016454014,10231101101,U.H.S.Dhawa (Girl),Phulidumar
749,APP51016454015,10231119303,U.M..S. Bhera,Phulidumar
750,APP51016453887,10231101801,U.M..S. Dhavawaran,Phulidumar
751,APP51016453666,10231101501,U.M..S. Fulli Dumar,Phulidumar
752,APP51016460522,10231115901,U.M..S. Tengpaja,Phulidumar
753,APP51016457768,10231117001,U.M.S . Gora,Phulidumar
754,APP51016457587,10231100804,U.M.S JHAJA,Phulidumar
755,APP51016460519,10231103104,U.M.S Kadwara,Phulidumar
756,APP51016460539,10231104602,U.M.S Kadwararata,Phulidumar
757,APP510161032335,10231115705,U.M.S Katahara,Phulidumar
758,APP51016460525,10231104702,U.M.S Kharowa,Phulidumar
759,APP51016454038,10231111401,U.M.S Narktta,Phulidumar
760,APP51016457563,10231115704,U.M.S Pairgha,Phulidumar
761,APP51016457596,10231113502,U.M.S Ramchandarpur Naugain,Phulidumar
762,APP51016457573,10231107102,U.M.S Takkipur,Phulidumar
763,APP51016460673,10231102401,U.M.S. ANGRAJOR,Phulidumar
764,APP51016453683,10231103103,U.M.S. Bajartar,Phulidumar
765,APP51016457600,10231116401,U.M.S. Bangbariya,Phulidumar
766,APP51016453886,10231101701,U.M.S. Chaudar,Phulidumar
767,APP51016460533,10231103105,U.M.S. Dasua,Phulidumar
768,APP51016454006,10231102601,U.M.S. Ekchatti,Phulidumar
769,APP51016454003,10231102301,U.M.S. GERATIKAR,Phulidumar
770,APP51016453891,10231102501,U.M.S. Gobardaha,Phulidumar
771,APP51016457575,10231116501,U.M.S. Itahari,Phulidumar
772,APP51016457569,10231107205,U.M.S. Kaitha,Phulidumar
773,APP51016453670,10231100802,U.M.S. Kenduar (Girl),Phulidumar
774,APP51016460542,10231103702,U.M.S. Khagra,Phulidumar
775,APP51016457771,10231116601,U.M.S. Likhni Kojhi,Phulidumar
776,APP51016460536,10231104002,U.M.S. Maidan Vanvarsha,Phulidumar
777,APP51016454020,10231116801,U.M.S. Manjhli Kushaha,Phulidumar
778,APP51016457582,10231106501,U.M.S. Nagardih,Phulidumar
779,APP51016457568,10231117201,U.M.S. Olhani,Phulidumar
780,APP51016457774,10231106901,U.M.S. Raghuchak,Phulidumar
781,APP51016460674,10231118201,U.M.S. Sistadamgi,Phulidumar
782,APP51016457585,10231113401,U.M.S. Teliya Navtoliya,Phulidumar
783,APP51016460676,10231100806,U.M.S..Hajipur,Phulidumar
784,APP51016457778,10231115602,U.M.S.Manik Pathdda,Phulidumar
785,APP510161338382,10231107206,UCCHHA MADHYAMIK VIDYALAY KAITHA FULLIDUMAR,Phulidumar
786,APP510161339861,10231115605,Uhs PATHADDA,Phulidumar
787,APP510161036007,10231102201,Ums Nadhatari,Phulidumar
788,APP510161039861,10231116101,Ums Ghuthiyara,Phulidumar
789,APP51016454012,10231108601,Ums Malikbathan,Phulidumar
790,APP510161310764,10231100107,Upgraded High School,Phulidumar
791,APP510161266746,10231100808,"UTKRAMIT UCHCH MADHYAMIK SCHOOL KENDUAR, FULLIDUMAR",Phulidumar
792,APP510161339800,10230506203,+2 HIGH SCHOOL NAWADA BAZAR RAJOUN BANKA,Rajaun
793,APP51016463951,10230504503,Adarsh M.S. Dhouni,Rajaun
794,APP51016200987,10230503703,B.D.B.T.G Hs Darpa Damodarpur,Rajaun
795,APP51016464605,10230507901,Girl M.S. Orhara,Rajaun
796,APP51016464595,10230504502,GIRL M.S.MAHADA,Rajaun
797,APP51016464714,10230507601,Girl Middle School Mahgama,Rajaun
798,APP51016184569,10230500302,High School Uparma,Rajaun
799,APP51016303684,10230507202,"High School, Amhara-Kotwali",Rajaun
800,APP51016905335,10230507501,M S Navada,Rajaun
801,APP51016905302,10230517001,M.S Bamdeo Bazar,Rajaun
802,APP51016436865,10230500601,M.S. Asouta,Rajaun
803,APP51016464772,10230500901,M.S. Bhagwanpur,Rajaun
804,APP51016717429,10230504801,"M.S. Chainpur, Kishanpur",Rajaun
805,APP51016985645,10230507201,M.S. Harchandi,Rajaun
806,APP51016464769,10230500101,M.S. Kathchatar Lilatari,Rajaun
807,APP51016464632,10230500701,M.S. Navada Gopalpur,Rajaun
808,APP510161034157,10230500801,M.S. SINGHNAN,Rajaun
809,APP510161338756,10230508401,Middle School Morama,Rajaun
810,APP510161337752,10230502402,MODERN AVASIYA VIDYALAYA,Rajaun
811,APP510161039331,10230505902,Ms Kotwali,Rajaun
812,APP510161389286,10230508701,Ms Lashkari,Rajaun
813,APP510161214559,10230500208,NARAYANI DEVI SALARPURIYA SARSWATI VIDHA MANDIR PUNSIYA RAJOUN,Rajaun
814,APP510161347489,10230512302,NAV UTTKAMIT HIGH SCHOOL CHAKMUNIA,Rajaun
815,APP51016943378,10230518302,"PM SHRI +2 GOVT. HIGH SCHOOL, JAITHOUR",Rajaun
816,APP51016464647,10230504401,R.M.S. Barouni,Rajaun
817,APP51016905358,10230507401,R.M.S. Khaira,Rajaun
818,APP51016905292,10230507801,R.M.S. Muradpur,Rajaun
819,APP51016720003,10230500210,R.M.S. Punsiya,Rajaun
820,APP51016713356,10230500301,R.M.S. Uprama,Rajaun
821,APP510161377806,10230503603,Rakesh Bal Vikas Kendra Khiddi,Rajaun
822,APP51016192044,10230504504,Rashtriya High School Dhouni,Rajaun
823,APP510161337751,10230508803,Shib Subhdra Public School,Rajaun
824,APP510161338770,10230510102,U H S Alipur Dhaniya Gariya,Rajaun
825,APP510161336813,10230508901,U M S AMHARA,Rajaun
826,APP510161039321,10230510601,U M S Balthara,Rajaun
827,APP510161084328,10230511301,U M S Ghuthiya,Rajaun
828,APP51016905320,10230510901,U.G.M.S. Malti,Rajaun
829,APP510161041801,10230508702,U.H.S LASHKARI,Rajaun
830,APP51016986929,10230512301,U.H.S. Chkmunniya,Rajaun
831,APP51016464636,10230506501,U.M.S Faizpur,Rajaun
832,APP51016464751,10230504201,U.M.S Bhusiya,Rajaun
833,APP510161050212,10230503101,U.M.S RAHIMDIH,Rajaun
834,APP51016983787,10230502301,U.M.S Shyampur Tekni,Rajaun
835,APP510161088425,10230505701,U.M.S. Abdachak,Rajaun
836,APP51016905303,10230503401,U.M.S. Amdaha,Rajaun
837,APP51016909156,10230509601,U.M.S. Anandpur,Rajaun
838,APP51016465029,10230506801,U.M.S. Babarchak,Rajaun
839,APP51016911349,10230509101,U.M.S. Dharmaychak,Rajaun
840,APP51016905310,10230509201,U.M.S. Jabra,Rajaun
841,APP51016464705,10230506301,U.M.S. Khajurkorama,Rajaun
842,APP51016436856,10230503601,U.M.S. Khiddi,Rajaun
843,APP51016905330,10230513602,U.M.S. Lahoriya Gopalpur,Rajaun
844,APP51016723445,10230508301,U.M.S. Lakra,Rajaun
845,APP51016905313,10230510701,U.M.S. Nima,Rajaun
846,APP51016464811,10230500202,U.M.S. Punsiya Bazar,Rajaun
847,APP51016905307,10230508101,U.M.S. Sakahara,Rajaun
848,APP51016723432,10230507301,U.M.S. Sujal Korama,Rajaun
849,APP51016465048,10230506101,U.M.S.. Durgapur,Rajaun
850,APP51016906404,10230504501,U.M.S.Asmanichak North,Rajaun
851,APP51016905371,10230501603,U.M.S.KARSANI,Rajaun
852,APP510161341607,10230507602,UCCHATAR MADHYAMIK VIDYALAYA DHAYHARNA MAHGAMA RAJOUN,Rajaun
853,APP510161334083,10230500403,UHS MAJHGAIN,Rajaun
854,APP510161341570,10230507904,Uhs Orahara,Rajaun
855,APP510161274297,10230509803,UHS PARGHARI LAKRA RAJOUN,Rajaun
856,APP510161299557,10230503701,UMS DARPA RAJOUN,Rajaun
857,APP51016905294,10230505201,Ums Goradih,Rajaun
858,APP510161039559,10230508601,Ums Harna Buzurg,Rajaun
859,APP510161078412,10230500209,UMS KAITHA,Rajaun
860,APP510161101740,10230510501,Ums Katiyama Urdu,Rajaun
861,APP51016905293,10230518201,Ums Kharwa,Rajaun
862,APP510161039576,10230509301,Ums Mirnagar,Rajaun
863,APP51016907303,10230504101,Ums Naripa,Rajaun
864,APP510161038959,10230507101,Ums Ranitikar,Rajaun
865,APP510161087405,10230510001,Ums Saidpur Singerpur,Rajaun
866,APP51016464687,10230506001,UPG.M.S. MOHNA,Rajaun
867,APP510161310429,10230501605,UTKRAMIT UCHCHA MADHYAMIK VIDYALAY BHAWANIPUR KATHOUN,Rajaun
868,APP510161355329,10230503604,VEENA PUBLIC SCHOOL,Rajaun
869,APP510161080424,10232408602,A. R. M. S. Banshipur,Shambhuganj
870,APP51016257793,10232406104,Adarsh Hs Pounkari Garhi,Shambhuganj
871,APP510161372577,10232407208,Ambition public school,Shambhuganj
872,APP51016178653,10232411202,Angya Vidhya Bhawan Hs Kasba,Shambhuganj
873,APP51016908559,10232411203,Anup Devi Girls High School Kasba,Shambhuganj
874,APP51016171629,10232400103,Ayodhya Kamla Hs Parariya,Shambhuganj
875,APP51016919393,10232403603,Balika Uchcha Vidyalaya Kadrachak,Shambhuganj
876,APP510161360998,10232413501,Buniyadi School Gulni Kushaha,Shambhuganj
877,APP51016464620,10232410601,Girl M.S. Asouta,Shambhuganj
878,APP510161096760,10232408301,GOVERMENT BASIC SCHOOL GARHI KURMA,Shambhuganj
879,APP510161366150,10232405804,Green garden mission school Mirzapur,Shambhuganj
880,APP510161031545,10232421103,M.S Basbitta,Shambhuganj
881,APP51016464645,10232421101,M.S BIRNAUDHA,Shambhuganj
882,APP51016753017,10232407801,M.S. MALDIH,Shambhuganj
883,APP51016893615,10232411001,M.S. Nijhari,Shambhuganj
884,APP51016912885,10232404501,M.S. Pararia,Shambhuganj
885,APP51016464670,10232402802,M.S. Sevagram Mohanpur,Shambhuganj
886,APP51016178718,10232409103,Madita Vidyarthi Hs Bharatshila,Shambhuganj
887,APP510161110146,10232405405,MS CHUTIYA URDU,Shambhuganj
888,APP51016464721,10232415201,Ms Mirzapur,Shambhuganj
889,APP51016753120,10232408105,Ms Naroun,Shambhuganj
890,APP510161005683,10232416903,P.M.S Pakariya,Shambhuganj
891,APP510161145105,10232402702,R M S Manjhgayn,Shambhuganj
892,APP510161171384,10232421201,R.M.S VAIDPUR,Shambhuganj
893,APP51016595898,10232402302,R.M.S. KASBA,Shambhuganj
894,APP510161027995,10232406102,R.M.S. POUNKARI,Shambhuganj
895,APP51016959551,10232404003,R.R. HIGH SCHOOL PRATAPPUR,Shambhuganj
896,APP510161304343,10232411104,Rms Bharatshila,Shambhuganj
897,APP510161374665,10232400104,S K M PUBLIC SCHOOL,Shambhuganj
898,APP51016203305,10232400404,S.S.S.K High School Kurmadih,Shambhuganj
899,APP51016333744,10232409803,Sarvodaya Hs Gulni Kushaha,Shambhuganj
900,APP510161341358,10231111111,SARVODAYA HS GULNI KUSHAHA,Shambhuganj
901,APP510161095289,10232414801,U M S Kanimoh,Shambhuganj
902,APP510161042327,10232410401,U M S ORKITTA SHYAMPUR,Shambhuganj
903,APP510161042366,10232405204,U M S Shyampur Harijan,Shambhuganj
904,APP510161079962,10232404803,U. M. S. Bhitti,Shambhuganj
905,APP510161101832,10232421801,U. M. S. Garhi Mohanpur,Shambhuganj
906,APP510161079236,10232403002,U. M. S. Kamatpur,Shambhuganj
907,APP510161033411,10232407707,U.H.S. RAJGHAT PARMANANDPUR SHAMBHUGANJ BANKA,Shambhuganj
908,APP510161331840,10232417101,U.H.S. RAJGHAT PARMANANDPUR SHAMBHUGANJ BANKA,Shambhuganj
909,APP51016907620,10232409403,U.M..S. Bhalua,Shambhuganj
910,APP51016915911,10232413502,U.M..S. Gulni Kushaha,Shambhuganj
911,APP510161084356,10232411503,U.M.S Baroutha,Shambhuganj
912,APP510161123226,10232403903,U.M.S Bishnupur,Shambhuganj
913,APP51016464717,10232400704,U.M.S Chandela,Shambhuganj
914,APP51016464613,10232403201,U.M.S Ghoshpur,Shambhuganj
915,APP51016464663,10232411601,U.M.S Keitha,Shambhuganj
916,APP51016594626,10232422802,U.M.S Kunnath,Shambhuganj
917,APP51016464674,10232401401,U.M.S Lalwamor,Shambhuganj
918,APP510161344704,10232405803,U.M.S Mirnagar,Shambhuganj
919,APP510161112356,10232410604,U.M.S Paidapur,Shambhuganj
920,APP51016983671,10232400302,U.M.S Ramchua(Girl),Shambhuganj
921,APP510161098767,10232419901,U.M.S Yogani Urdu,Shambhuganj
922,APP51016464638,10232410603,U.M.S. Asouta (Nagel),Shambhuganj
923,APP510161044577,10232406702,U.M.S. Bagghakhas,Shambhuganj
924,APP51016753052,10232403602,U.M.S. Kadrachak (Girl),Shambhuganj
925,APP510161087778,10232408001,U.M.S. Karharia,Shambhuganj
926,APP51016983231,10232407301,U.M.S. Karnpur,Shambhuganj
927,APP510161098752,10232422401,U.M.S. KASHIDIH TINA,Shambhuganj
928,APP51016750110,10232422501,U.M.S. MEHARPUR S.C,Shambhuganj
929,APP51016464676,10232405701,U.M.S. Sondhia,Shambhuganj
930,APP510161344111,10232409505,U.M.S.Bela,Shambhuganj
931,APP510161057326,10232421001,U.M.S.Bhattachakmanjhgain,Shambhuganj
932,APP510161111319,10232411102,U.M.S.Chhoti Bharatshila,Shambhuganj
933,APP510161090385,10232410501,U.M.S.Lakha,Shambhuganj
934,APP51016595903,10232405301,U.M.S.Mahisota,Shambhuganj
935,APP510161345977,10232405106,"U.U.MS. CHUTIYA BELARI ,SHAMBHUGANJ",Shambhuganj
936,APP510161203603,10232400304,UCHCH MADHYAMIK VIDYALAYA RAMCHUA,Shambhuganj
937,APP510161168962,10232414402,Uchch Madhymik Vidyalaya Chhatrahar,Shambhuganj
938,APP510161158168,10232403904,Uchcha Madhamik Vidyalay Pakariya,Shambhuganj
939,APP510161347939,40232105106,UCHCHA MADHAYMIK VIDYALAY CHUTIYA BELARI,Shambhuganj
940,APP510161349432,10232406903,UHS BAIDPUR,Shambhuganj
941,APP510161304568,10232411603,UHS BIRNOUDHA SHAMBHUGANJ,Shambhuganj
942,APP510161340383,10232400705,UHS MIRZAPUR,Shambhuganj
943,APP510161337960,10232401604,UHS VARSABAD SHAMBHUGANJ,Shambhuganj
944,APP510161122351,10232403303,Ums Belsira,Shambhuganj
945,APP510161083789,10232404104,Ums Chautra Khas,Shambhuganj
946,APP51016595865,10232401403,Ums Gopalpur,Shambhuganj
947,APP51016464669,10232420603,UMS KAMARDIH,Shambhuganj
948,APP510161044649,10232405803,Ums Mirzapur,Shambhuganj
949,APP510161101335,10232411301,Ums Pirra,Shambhuganj
950,APP510161358644,10232406901,UMS SILAUTA,Shambhuganj
951,APP510161101109,10232401601,UMS WARSABAD,Shambhuganj
952,APP510161360089,10232405105,URDU MIDDLE SCHOOL BELARI,Shambhuganj
953,APP510161341140,10232403203,Utkarmit Uchch Madhyamik School Kamatpur Ghoshpur Shambhuganj Banka,Shambhuganj